work_id,Hon'ble Members of Parliament,State,action_type,assigned_to,priority_score,stuck_days,queue_type
WS/MP18338/2024-2025/152544,CHAMALA KIRAN KUMAR REDDY,Telangana,Monitor,MP + District Authority,99.7,647.0,proactive
WS/MP18338/2025-2026/152482,CHAMALA KIRAN KUMAR REDDY,Telangana,Monitor,MP + District Authority,99.7,647.0,proactive
WS/MP453/2025-2026/153930,Saptagiri Sankar Ulaka,Odisha,Monitor,MP + District Authority,98.2,639.0,proactive
WS/MP761/2024-2025/138987,Arvind Dharmapuri,Telangana,Monitor,MP + District Authority,98.1,594.0,proactive
WS/MP761/2024-2025/139000,Arvind Dharmapuri,Telangana,Monitor,MP + District Authority,98.1,594.0,proactive
WS/MP761/2024-2025/138982,Arvind Dharmapuri,Telangana,Monitor,MP + District Authority,98.1,594.0,proactive
WS/MP18144/2024-2025/148056,MALVIKA DEVI,Odisha,Monitor,MP + District Authority,97.7,596.0,proactive
WS/MP18144/2024-2025/148058,MALVIKA DEVI,Odisha,Monitor,MP + District Authority,97.5,596.0,proactive
WS/MP18144/2024-2025/148134,MALVIKA DEVI,Odisha,Monitor,MP + District Authority,97.4,596.0,proactive
WS/MP761/2024-2025/138983,Arvind Dharmapuri,Telangana,Monitor,MP + District Authority,97.4,594.0,proactive
WS/MP761/2024-2025/138989,Arvind Dharmapuri,Telangana,Monitor,MP + District Authority,97.4,592.0,proactive
WS/MP18144/2024-2025/148136,MALVIKA DEVI,Odisha,Monitor,MP + District Authority,97.4,596.0,proactive
WS/MP435/2024-2025/145864,Sanjay Seth,Jharkhand,Monitor,MP + District Authority,97.3,600.0,proactive
WS/MP18144/2024-2025/148054,MALVIKA DEVI,Odisha,Monitor,MP + District Authority,97.3,596.0,proactive
WS/MP435/2024-2025/147148,Sanjay Seth,Jharkhand,Monitor,MP + District Authority,97.3,605.0,proactive
WS/MP435/2024-2025/145863,Sanjay Seth,Jharkhand,Monitor,MP + District Authority,97.3,600.0,proactive
WS/MP761/2024-2025/139007,Arvind Dharmapuri,Telangana,Monitor,MP + District Authority,97.0,594.0,proactive
WS/MP18109/2024-2025/153243,DR. RAJESH MISHRA,Madhya Pradesh,Monitor,MP + District Authority,97.0,642.0,proactive
WS/MP18144/2024-2025/148064,MALVIKA DEVI,Odisha,Monitor,MP + District Authority,96.9,596.0,proactive
WS/MP435/2024-2025/146546,Sanjay Seth,Jharkhand,Monitor,MP + District Authority,96.9,600.0,proactive
WS/MP18144/2024-2025/148131,MALVIKA DEVI,Odisha,Monitor,MP + District Authority,96.9,596.0,proactive
WS/MP435/2024-2025/145865,Sanjay Seth,Jharkhand,Monitor,MP + District Authority,96.9,600.0,proactive
WS/MP18144/2024-2025/148057,MALVIKA DEVI,Odisha,Monitor,MP + District Authority,96.9,596.0,proactive
WS/MP18144/2024-2025/148055,MALVIKA DEVI,Odisha,Monitor,MP + District Authority,96.8,596.0,proactive
WS/MP641/2024-2025/149500,Gajendra Singh Patel,Madhya Pradesh,Monitor,MP + District Authority,96.8,666.0,proactive
WS/MP641/2024-2025/149235,Gajendra Singh Patel,Madhya Pradesh,Monitor,MP + District Authority,96.8,668.0,proactive
WS/MP641/2024-2025/153874,Gajendra Singh Patel,Madhya Pradesh,Monitor,MP + District Authority,96.8,639.0,proactive
WS/MP18144/2024-2025/148061,MALVIKA DEVI,Odisha,Monitor,MP + District Authority,96.7,596.0,proactive
WS/MP18144/2024-2025/141587,MALVIKA DEVI,Odisha,Monitor,MP + District Authority,96.6,642.0,proactive
WS/MP435/2024-2025/146446,Sanjay Seth,Jharkhand,Monitor,MP + District Authority,96.5,600.0,proactive
WS/MP435/2024-2025/146448,Sanjay Seth,Jharkhand,Monitor,MP + District Authority,96.5,600.0,proactive
WS/MP435/2024-2025/146447,Sanjay Seth,Jharkhand,Monitor,MP + District Authority,96.5,600.0,proactive
WS/MP435/2024-2025/146444,Sanjay Seth,Jharkhand,Monitor,MP + District Authority,96.5,600.0,proactive
WS/MP435/2024-2025/146445,Sanjay Seth,Jharkhand,Monitor,MP + District Authority,96.5,600.0,proactive
WS/MP18144/2024-2025/148132,MALVIKA DEVI,Odisha,Monitor,MP + District Authority,96.2,596.0,proactive
WS/MP453/2024-2025/152907,Saptagiri Sankar Ulaka,Odisha,Monitor,MP + District Authority,96.1,639.0,proactive
WS/MP435/2024-2025/147149,Sanjay Seth,Jharkhand,Monitor,MP + District Authority,95.8,605.0,proactive
WS/MP544/2025-2026/155264,Mr Gopal Jee Thakur,Bihar,Monitor,MP + District Authority,95.7,633.0,proactive
WS/MP544/2026-2027/154859,Mr Gopal Jee Thakur,Bihar,Monitor,MP + District Authority,95.7,635.0,proactive
WS/MP544/2025-2026/155271,Mr Gopal Jee Thakur,Bihar,Monitor,MP + District Authority,95.7,633.0,proactive
WS/MP544/2025-2026/155275,Mr Gopal Jee Thakur,Bihar,Monitor,MP + District Authority,95.7,633.0,proactive
WS/MP544/2025-2026/155274,Mr Gopal Jee Thakur,Bihar,Monitor,MP + District Authority,95.7,633.0,proactive
WS/MP544/2026-2027/154856,Mr Gopal Jee Thakur,Bihar,Monitor,MP + District Authority,95.7,635.0,proactive
WS/MP435/2024-2025/145625,Sanjay Seth,Jharkhand,Monitor,MP + District Authority,95.7,600.0,proactive
WS/MP544/2026-2027/155457,Mr Gopal Jee Thakur,Bihar,Monitor,MP + District Authority,95.7,633.0,proactive
WS/MP544/2025-2026/155276,Mr Gopal Jee Thakur,Bihar,Monitor,MP + District Authority,95.7,633.0,proactive
WS/MP544/2025-2026/155468,Mr Gopal Jee Thakur,Bihar,Monitor,MP + District Authority,95.7,633.0,proactive
WS/MP544/2025-2026/155462,Mr Gopal Jee Thakur,Bihar,Monitor,MP + District Authority,95.7,633.0,proactive
WS/MP544/2026-2027/154858,Mr Gopal Jee Thakur,Bihar,Monitor,MP + District Authority,95.7,635.0,proactive
WS/MP544/2026-2027/155456,Mr Gopal Jee Thakur,Bihar,Monitor,MP + District Authority,95.7,633.0,proactive
WS/MP544/2025-2026/155258,Mr Gopal Jee Thakur,Bihar,Monitor,MP + District Authority,95.7,633.0,proactive
WS/MP544/2025-2026/155260,Mr Gopal Jee Thakur,Bihar,Monitor,MP + District Authority,95.7,633.0,proactive
WS/MP544/2025-2026/155259,Mr Gopal Jee Thakur,Bihar,Monitor,MP + District Authority,95.7,633.0,proactive
WS/MP544/2025-2026/155464,Mr Gopal Jee Thakur,Bihar,Monitor,MP + District Authority,95.7,633.0,proactive
WS/MP544/2025-2026/155247,Mr Gopal Jee Thakur,Bihar,Monitor,MP + District Authority,95.7,633.0,proactive
WS/MP544/2026-2027/154857,Mr Gopal Jee Thakur,Bihar,Monitor,MP + District Authority,95.7,635.0,proactive
WS/MP544/2025-2026/155248,Mr Gopal Jee Thakur,Bihar,Monitor,MP + District Authority,95.7,633.0,proactive
WS/MP544/2025-2026/155249,Mr Gopal Jee Thakur,Bihar,Monitor,MP + District Authority,95.7,633.0,proactive
WS/MP544/2025-2026/155458,Mr Gopal Jee Thakur,Bihar,Monitor,MP + District Authority,95.7,633.0,proactive
WS/MP18019/2024-2025/137597,AMARSING TISSO,Assam,Monitor,MP + District Authority,95.4,667.0,proactive
WS/MP18074/2024-2025/138716,KALI CHARAN MUNDA,Jharkhand,Monitor,MP + District Authority,95.2,695.0,proactive
WS/MP641/2024-2025/150917,Gajendra Singh Patel,Madhya Pradesh,Monitor,MP + District Authority,95.1,656.0,proactive
WS/MP423/2026-2027/136934,Ramprit Mandal,Bihar,Monitor,MP + District Authority,95.0,123.0,proactive
WS/MP435/2024-2025/146545,Sanjay Seth,Jharkhand,Monitor,MP + District Authority,94.9,600.0,proactive
WS/MP435/2024-2025/147145,Sanjay Seth,Jharkhand,Monitor,MP + District Authority,94.9,605.0,proactive
WS/MP435/2024-2025/145626,Sanjay Seth,Jharkhand,Monitor,MP + District Authority,94.9,600.0,proactive
WS/MP435/2024-2025/146303,Sanjay Seth,Jharkhand,Monitor,MP + District Authority,94.9,600.0,proactive
WS/MP435/2024-2025/146547,Sanjay Seth,Jharkhand,Monitor,MP + District Authority,94.8,605.0,proactive
WS/MP641/2024-2025/155195,Gajendra Singh Patel,Madhya Pradesh,Monitor,MP + District Authority,94.7,635.0,proactive
WS/MP761/2025-2026/138988,Arvind Dharmapuri,Telangana,Monitor,MP + District Authority,94.6,358.0,proactive
WS/MP18019/2024-2025/137593,AMARSING TISSO,Assam,Monitor,MP + District Authority,94.6,667.0,proactive
WS/MP435/2024-2025/146457,Sanjay Seth,Jharkhand,Monitor,MP + District Authority,94.5,600.0,proactive
WS/MP416/2025-2026/150766,Ashok Kumar Yadav,Bihar,Monitor,MP + District Authority,94.5,656.0,proactive
WS/MP416/2025-2026/150767,Ashok Kumar Yadav,Bihar,Monitor,MP + District Authority,94.5,656.0,proactive
WS/MP18109/2025-2026/150117,DR. RAJESH MISHRA,Madhya Pradesh,Monitor,MP + District Authority,94.3,662.0,proactive
WS/MP641/2024-2025/147406,Gajendra Singh Patel,Madhya Pradesh,Monitor,MP + District Authority,94.2,514.0,proactive
WS/MP18180/2025-2026/149583,ARUN NEHRU,Tamil Nadu,Monitor,MP + District Authority,94.1,666.0,proactive
WS/MP18180/2025-2026/149582,ARUN NEHRU,Tamil Nadu,Monitor,MP + District Authority,94.1,666.0,proactive
WS/MP18180/2025-2026/149581,ARUN NEHRU,Tamil Nadu,Monitor,MP + District Authority,94.1,666.0,proactive
WS/MP18019/2024-2025/137519,AMARSING TISSO,Assam,Monitor,MP + District Authority,94.0,648.0,proactive
WS/MP641/2024-2025/133911,Gajendra Singh Patel,Madhya Pradesh,Monitor,MP + District Authority,94.0,671.0,proactive
WS/MP18144/2024-2025/148135,MALVIKA DEVI,Odisha,Monitor,MP + District Authority,93.9,596.0,proactive
WS/MP18109/2024-2025/150115,DR. RAJESH MISHRA,Madhya Pradesh,Monitor,MP + District Authority,93.7,662.0,proactive
WS/MP641/2024-2025/147742,Gajendra Singh Patel,Madhya Pradesh,Monitor,MP + District Authority,93.7,607.0,proactive
WS/MP641/2024-2025/147755,Gajendra Singh Patel,Madhya Pradesh,Monitor,MP + District Authority,93.7,607.0,proactive
,Saptagiri Sankar Ulaka,Odisha,Monitor,MP + District Authority,93.6,639.0,proactive
,Saptagiri Sankar Ulaka,Odisha,Monitor,MP + District Authority,93.6,639.0,proactive
WS/MP435/2024-2025/145973,Sanjay Seth,Jharkhand,Monitor,MP + District Authority,93.6,600.0,proactive
WS/MP453/2025-2026/153906,Saptagiri Sankar Ulaka,Odisha,Monitor,MP + District Authority,93.5,639.0,proactive
,Saptagiri Sankar Ulaka,Odisha,Monitor,MP + District Authority,93.3,639.0,proactive
,Saptagiri Sankar Ulaka,Odisha,Monitor,MP + District Authority,93.3,639.0,proactive
,Saptagiri Sankar Ulaka,Odisha,Monitor,MP + District Authority,93.3,639.0,proactive
WS/MP18032/2024-2025/137014,SUDHAKAR SINGH,Bihar,Monitor,MP + District Authority,93.2,622.0,proactive
WS/MP761/2026-2027/153979,Arvind Dharmapuri,Telangana,Monitor,MP + District Authority,93.0,639.0,proactive
WS/MP423/2024-2025/133944,Ramprit Mandal,Bihar,Monitor,MP + District Authority,93.0,548.0,proactive
WS/MP423/2024-2025/133964,Ramprit Mandal,Bihar,Monitor,MP + District Authority,93.0,548.0,proactive
WS/MP423/2024-2025/133940,Ramprit Mandal,Bihar,Monitor,MP + District Authority,93.0,548.0,proactive
WS/MP423/2024-2025/133941,Ramprit Mandal,Bihar,Monitor,MP + District Authority,93.0,548.0,proactive
WS/MP423/2024-2025/133959,Ramprit Mandal,Bihar,Monitor,MP + District Authority,93.0,548.0,proactive
WS/MP423/2024-2025/133946,Ramprit Mandal,Bihar,Monitor,MP + District Authority,93.0,548.0,proactive
WS/MP423/2024-2025/133945,Ramprit Mandal,Bihar,Monitor,MP + District Authority,93.0,548.0,proactive
WS/MP423/2024-2025/133955,Ramprit Mandal,Bihar,Monitor,MP + District Authority,93.0,548.0,proactive
WS/MP423/2024-2025/133949,Ramprit Mandal,Bihar,Monitor,MP + District Authority,93.0,548.0,proactive
WS/MP423/2024-2025/133960,Ramprit Mandal,Bihar,Monitor,MP + District Authority,93.0,548.0,proactive
WS/MP18144/2024-2025/148067,MALVIKA DEVI,Odisha,Monitor,MP + District Authority,92.9,596.0,proactive
WS/MP18144/2024-2025/148063,MALVIKA DEVI,Odisha,Monitor,MP + District Authority,92.9,596.0,proactive
WS/MP761/2026-2027/153935,Arvind Dharmapuri,Telangana,Monitor,MP + District Authority,92.9,639.0,proactive
WS/MP761/2026-2027/153936,Arvind Dharmapuri,Telangana,Monitor,MP + District Authority,92.9,639.0,proactive
WS/MP552/2024-2025/154852,Radha Mohan Singh,Bihar,Monitor,MP + District Authority,92.9,635.0,proactive
WS/MP761/2025-2026/153970,Arvind Dharmapuri,Telangana,Monitor,MP + District Authority,92.8,639.0,proactive
WS/MP761/2024-2025/149047,Arvind Dharmapuri,Telangana,Monitor,MP + District Authority,92.8,670.0,proactive
WS/MP641/2025-2026/133920,Gajendra Singh Patel,Madhya Pradesh,Monitor,MP + District Authority,92.7,468.0,proactive
WS/MP641/2025-2026/133921,Gajendra Singh Patel,Madhya Pradesh,Monitor,MP + District Authority,92.7,475.0,proactive
WS/MP641/2024-2025/147737,Gajendra Singh Patel,Madhya Pradesh,Monitor,MP + District Authority,92.7,514.0,proactive
WS/MP761/2024-2025/139028,Arvind Dharmapuri,Telangana,Monitor,MP + District Authority,92.6,674.0,proactive
WS/MP761/2025-2026/153927,Arvind Dharmapuri,Telangana,Monitor,MP + District Authority,92.6,639.0,proactive
WS/MP761/2026-2027/153972,Arvind Dharmapuri,Telangana,Monitor,MP + District Authority,92.6,639.0,proactive
WS/MP761/2025-2026/153980,Arvind Dharmapuri,Telangana,Monitor,MP + District Authority,92.6,639.0,proactive
WS/MP641/2025-2026/147758,Gajendra Singh Patel,Madhya Pradesh,Monitor,MP + District Authority,92.5,498.0,proactive
WS/MP761/2024-2025/139053,Arvind Dharmapuri,Telangana,Monitor,MP + District Authority,92.5,674.0,proactive
WS/MP641/2025-2026/147761,Gajendra Singh Patel,Madhya Pradesh,Monitor,MP + District Authority,92.5,498.0,proactive
WS/MP761/2024-2025/139056,Arvind Dharmapuri,Telangana,Monitor,MP + District Authority,92.4,674.0,proactive
WS/MP641/2025-2026/147756,Gajendra Singh Patel,Madhya Pradesh,Monitor,MP + District Authority,92.3,498.0,proactive
,Dileshwar Kamait,Bihar,Monitor,MP + District Authority,92.2,715.0,proactive
WS/MP641/2024-2025/147668,Gajendra Singh Patel,Madhya Pradesh,Monitor,MP + District Authority,92.2,570.0,proactive
WS/MP641/2024-2025/137266,Gajendra Singh Patel,Madhya Pradesh,Monitor,MP + District Authority,92.1,674.0,proactive
WS/MP18019/2025-2026/143867,AMARSING TISSO,Assam,Monitor,MP + District Authority,92.1,506.0,proactive
WS/MP641/2024-2025/133912,Gajendra Singh Patel,Madhya Pradesh,Monitor,MP + District Authority,92.1,670.0,proactive
WS/MP761/2025-2026/153965,Arvind Dharmapuri,Telangana,Monitor,MP + District Authority,92.1,639.0,proactive
WS/MP761/2025-2026/153961,Arvind Dharmapuri,Telangana,Monitor,MP + District Authority,92.1,639.0,proactive
WS/MP761/2024-2025/139055,Arvind Dharmapuri,Telangana,Monitor,MP + District Authority,92.0,674.0,proactive
WS/MP552/2024-2025/149116,Radha Mohan Singh,Bihar,Monitor,MP + District Authority,92.0,669.0,proactive
WS/MP552/2024-2025/149114,Radha Mohan Singh,Bihar,Monitor,MP + District Authority,92.0,669.0,proactive
WS/MP761/2025-2026/153967,Arvind Dharmapuri,Telangana,Monitor,MP + District Authority,91.6,639.0,proactive
WS/MP761/2025-2026/153966,Arvind Dharmapuri,Telangana,Monitor,MP + District Authority,91.6,639.0,proactive
WS/MP18109/2024-2025/146900,DR. RAJESH MISHRA,Madhya Pradesh,Monitor,MP + District Authority,91.4,572.0,proactive
WS/MP453/2025-2026/153908,Saptagiri Sankar Ulaka,Odisha,Monitor,MP + District Authority,91.4,639.0,proactive
WS/MP18109/2024-2025/146898,DR. RAJESH MISHRA,Madhya Pradesh,Monitor,MP + District Authority,91.4,572.0,proactive
WS/MP18155/2024-2025/141700,DR. RAJ KUMAR CHABBEWAL,Punjab,Monitor,MP + District Authority,91.4,699.0,proactive
WS/MP453/2025-2026/153915,Saptagiri Sankar Ulaka,Odisha,Monitor,MP + District Authority,91.4,639.0,proactive
WS/MP18109/2024-2025/146901,DR. RAJESH MISHRA,Madhya Pradesh,Monitor,MP + District Authority,91.4,572.0,proactive
WS/MP18109/2024-2025/146906,DR. RAJESH MISHRA,Madhya Pradesh,Monitor,MP + District Authority,91.4,572.0,proactive
WS/MP18155/2024-2025/141703,DR. RAJ KUMAR CHABBEWAL,Punjab,Monitor,MP + District Authority,91.4,699.0,proactive
WS/MP18109/2024-2025/146905,DR. RAJESH MISHRA,Madhya Pradesh,Monitor,MP + District Authority,91.4,572.0,proactive
WS/MP18155/2024-2025/141701,DR. RAJ KUMAR CHABBEWAL,Punjab,Monitor,MP + District Authority,91.3,699.0,proactive
WS/MP18069/2025-2026/150860,RAJEEV BHARDWAJ,Himachal Pradesh,Monitor,MP + District Authority,91.3,633.0,proactive
WS/MP598/2024-2025/151550,Suresh Kumar Kashyap,Himachal Pradesh,Monitor,MP + District Authority,91.2,652.0,proactive
WS/MP18109/2024-2025/146897,DR. RAJESH MISHRA,Madhya Pradesh,Monitor,MP + District Authority,91.2,572.0,proactive
WS/MP761/2025-2026/153983,Arvind Dharmapuri,Telangana,Monitor,MP + District Authority,91.2,639.0,proactive
WS/MP761/2024-2025/139052,Arvind Dharmapuri,Telangana,Monitor,MP + District Authority,91.1,674.0,proactive
WS/MP18109/2024-2025/150122,DR. RAJESH MISHRA,Madhya Pradesh,Monitor,MP + District Authority,91.1,662.0,proactive
WS/MP598/2025-2026/151540,Suresh Kumar Kashyap,Himachal Pradesh,Monitor,MP + District Authority,91.1,652.0,proactive
WS/MP453/2025-2026/153905,Saptagiri Sankar Ulaka,Odisha,Monitor,MP + District Authority,91.0,639.0,proactive
WS/MP453/2024-2025/152808,Saptagiri Sankar Ulaka,Odisha,Monitor,MP + District Authority,91.0,639.0,proactive
WS/MP18176/2024-2025/139947,SACHITHANANTHAM R,Tamil Nadu,Monitor,MP + District Authority,90.8,706.0,proactive
WS/MP641/2024-2025/147367,Gajendra Singh Patel,Madhya Pradesh,Monitor,MP + District Authority,90.7,607.0,proactive
WS/MP18144/2024-2025/148130,MALVIKA DEVI,Odisha,Monitor,MP + District Authority,90.7,596.0,proactive
WS/MP18074/2024-2025/138719,KALI CHARAN MUNDA,Jharkhand,Monitor,MP + District Authority,90.6,695.0,proactive
WS/MP18069/2024-2025/150884,RAJEEV BHARDWAJ,Himachal Pradesh,Monitor,MP + District Authority,90.5,633.0,proactive
WS/MP18155/2024-2025/141698,DR. RAJ KUMAR CHABBEWAL,Punjab,Monitor,MP + District Authority,90.5,697.0,proactive
WS/MP18176/2024-2025/140258,SACHITHANANTHAM R,Tamil Nadu,Monitor,MP + District Authority,90.1,702.0,proactive
WS/MP381/2024-2025/153038,Shri Gurjeet Singh Aujla,Punjab,Monitor,MP + District Authority,90.0,643.0,proactive
WS/MP18032/2024-2025/136950,SUDHAKAR SINGH,Bihar,Monitor,MP + District Authority,89.7,593.0,proactive
WS/MP18144/2024-2025/148137,MALVIKA DEVI,Odisha,Monitor,MP + District Authority,89.6,596.0,proactive
WS/MP18144/2024-2025/148133,MALVIKA DEVI,Odisha,Monitor,MP + District Authority,89.6,596.0,proactive
WS/MP18138/2024-2025/143320,RICHARD VANLALHMANGAIHA,Mizoram,Monitor,MP + District Authority,89.5,586.0,proactive
WS/MP641/2024-2025/133910,Gajendra Singh Patel,Madhya Pradesh,Monitor,MP + District Authority,89.4,667.0,proactive
WS/MP18109/2024-2025/150121,DR. RAJESH MISHRA,Madhya Pradesh,Monitor,MP + District Authority,89.3,662.0,proactive
WS/MP641/2024-2025/133909,Gajendra Singh Patel,Madhya Pradesh,Monitor,MP + District Authority,89.3,670.0,proactive
WS/MP435/2024-2025/146460,Sanjay Seth,Jharkhand,Monitor,MP + District Authority,89.2,600.0,proactive
WS/MP598/2024-2025/151551,Suresh Kumar Kashyap,Himachal Pradesh,Monitor,MP + District Authority,89.1,652.0,proactive
WS/MP18069/2025-2026/150889,RAJEEV BHARDWAJ,Himachal Pradesh,Monitor,MP + District Authority,89.0,633.0,proactive
WS/MP18032/2024-2025/143624,SUDHAKAR SINGH,Bihar,Monitor,MP + District Authority,89.0,564.0,proactive
WS/MP641/2025-2026/147403,Gajendra Singh Patel,Madhya Pradesh,Monitor,MP + District Authority,88.9,356.0,proactive
WS/MP18144/2024-2025/141595,MALVIKA DEVI,Odisha,Monitor,MP + District Authority,88.9,642.0,proactive
WS/MP641/2024-2025/133929,Gajendra Singh Patel,Madhya Pradesh,Monitor,MP + District Authority,88.5,514.0,proactive
WS/MP18186/2025-2026/149102,Sasikanth Senthil,Tamil Nadu,Monitor,MP + District Authority,88.3,669.0,proactive
WS/MP18109/2024-2025/146903,DR. RAJESH MISHRA,Madhya Pradesh,Monitor,MP + District Authority,88.2,572.0,proactive
WS/MP18144/2024-2025/141586,MALVIKA DEVI,Odisha,Monitor,MP + District Authority,88.2,642.0,proactive
WS/MP641/2024-2025/147352,Gajendra Singh Patel,Madhya Pradesh,Monitor,MP + District Authority,88.2,607.0,proactive
WS/MP18109/2024-2025/146899,DR. RAJESH MISHRA,Madhya Pradesh,Monitor,MP + District Authority,88.2,572.0,proactive
WS/MP18109/2024-2025/146904,DR. RAJESH MISHRA,Madhya Pradesh,Monitor,MP + District Authority,88.2,572.0,proactive
WS/MP435/2024-2025/146549,Sanjay Seth,Jharkhand,Monitor,MP + District Authority,88.1,605.0,proactive
WS/MP18019/2025-2026/143869,AMARSING TISSO,Assam,Monitor,MP + District Authority,88.0,506.0,proactive
WS/MP18109/2024-2025/146895,DR. RAJESH MISHRA,Madhya Pradesh,Monitor,MP + District Authority,87.8,572.0,proactive
WS/MP18109/2024-2025/146896,DR. RAJESH MISHRA,Madhya Pradesh,Monitor,MP + District Authority,87.8,572.0,proactive
WS/MP435/2024-2025/145997,Sanjay Seth,Jharkhand,Monitor,MP + District Authority,87.7,600.0,proactive
WS/MP641/2025-2026/147408,Gajendra Singh Patel,Madhya Pradesh,Monitor,MP + District Authority,87.6,330.0,proactive
WS/MP641/2024-2025/147362,Gajendra Singh Patel,Madhya Pradesh,Monitor,MP + District Authority,87.6,551.0,proactive
WS/MP18155/2024-2025/141567,DR. RAJ KUMAR CHABBEWAL,Punjab,Monitor,MP + District Authority,87.5,697.0,proactive
WS/MP598/2025-2026/151541,Suresh Kumar Kashyap,Himachal Pradesh,Monitor,MP + District Authority,87.5,652.0,proactive
,Mr Gopal Jee Thakur,Bihar,Monitor,MP + District Authority,87.5,633.0,proactive
WS/MP641/2024-2025/133913,Gajendra Singh Patel,Madhya Pradesh,Monitor,MP + District Authority,87.4,514.0,proactive
WS/MP18019/2025-2026/143868,AMARSING TISSO,Assam,Monitor,MP + District Authority,87.4,506.0,proactive
WS/MP18176/2024-2025/139959,SACHITHANANTHAM R,Tamil Nadu,Monitor,MP + District Authority,87.1,698.0,proactive
WS/MP18176/2024-2025/140224,SACHITHANANTHAM R,Tamil Nadu,Monitor,MP + District Authority,86.7,702.0,proactive
WS/MP422/2025-2026/141663,Dileshwar Kamait,Bihar,Monitor,MP + District Authority,86.7,347.0,proactive
WS/MP18176/2024-2025/139742,SACHITHANANTHAM R,Tamil Nadu,Monitor,MP + District Authority,86.6,706.0,proactive
,Arvind Dharmapuri,Telangana,Monitor,MP + District Authority,86.6,639.0,proactive
WS/MP598/2024-2025/155310,Suresh Kumar Kashyap,Himachal Pradesh,Monitor,MP + District Authority,86.4,634.0,proactive
WS/MP761/2026-2027/139054,Arvind Dharmapuri,Telangana,Monitor,MP + District Authority,86.3,40.0,proactive
WS/MP761/2026-2027/153904,Arvind Dharmapuri,Telangana,Monitor,MP + District Authority,86.2,639.0,proactive
WS/MP761/2025-2026/153958,Arvind Dharmapuri,Telangana,Monitor,MP + District Authority,86.2,639.0,proactive
WS/MP761/2026-2027/139030,Arvind Dharmapuri,Telangana,Monitor,MP + District Authority,86.1,6.0,proactive
,Arvind Dharmapuri,Telangana,Monitor,MP + District Authority,86.0,682.0,proactive
WS/MP18176/2024-2025/139958,SACHITHANANTHAM R,Tamil Nadu,Monitor,MP + District Authority,86.0,702.0,proactive
WS/MP18112/2024-2025/136982,BALWANT BASWANT WANKHADE,Maharashtra,Monitor,MP + District Authority,85.9,678.0,proactive
WS/MP18112/2024-2025/136975,BALWANT BASWANT WANKHADE,Maharashtra,Monitor,MP + District Authority,85.9,678.0,proactive
WS/MP641/2025-2026/137257,Gajendra Singh Patel,Madhya Pradesh,Monitor,MP + District Authority,85.8,443.0,proactive
WS/MP18019/2024-2025/154338,AMARSING TISSO,Assam,Monitor,MP + District Authority,85.5,638.0,proactive
,Radha Mohan Singh,Bihar,Monitor,MP + District Authority,85.5,748.0,proactive
WS/MP761/2026-2027/139031,Arvind Dharmapuri,Telangana,Monitor,MP + District Authority,85.4,9.0,proactive
WS/MP18094/2025-2026/151735,VISHWESHWAR HEGDE KAGERI,Karnataka,Monitor,MP + District Authority,85.3,592.0,proactive
,Radha Mohan Singh,Bihar,Monitor,MP + District Authority,85.3,748.0,proactive
WS/MP552/2024-2025/146419,Radha Mohan Singh,Bihar,Monitor,MP + District Authority,85.2,577.0,proactive
WS/MP552/2024-2025/146418,Radha Mohan Singh,Bihar,Monitor,MP + District Authority,85.1,577.0,proactive
WS/MP18094/2026-2027/151546,VISHWESHWAR HEGDE KAGERI,Karnataka,Monitor,MP + District Authority,85.1,592.0,proactive
WS/MP18186/2025-2026/149096,Sasikanth Senthil,Tamil Nadu,Monitor,MP + District Authority,84.9,669.0,proactive
WS/MP18094/2025-2026/151736,VISHWESHWAR HEGDE KAGERI,Karnataka,Monitor,MP + District Authority,84.9,592.0,proactive
WS/MP598/2025-2026/151548,Suresh Kumar Kashyap,Himachal Pradesh,Monitor,MP + District Authority,84.8,652.0,proactive
WS/MP18112/2024-2025/136983,BALWANT BASWANT WANKHADE,Maharashtra,Monitor,MP + District Authority,84.7,618.0,proactive
WS/MP761/2025-2026/146633,Arvind Dharmapuri,Telangana,Monitor,MP + District Authority,84.3,249.0,proactive
WS/MP761/2025-2026/146645,Arvind Dharmapuri,Telangana,Monitor,MP + District Authority,84.3,249.0,proactive
WS/MP18176/2024-2025/139719,SACHITHANANTHAM R,Tamil Nadu,Monitor,MP + District Authority,84.2,529.0,proactive
WS/MP18155/2024-2025/141574,DR. RAJ KUMAR CHABBEWAL,Punjab,Monitor,MP + District Authority,84.1,648.0,proactive
WS/MP18112/2024-2025/143947,BALWANT BASWANT WANKHADE,Maharashtra,Monitor,MP + District Authority,83.9,678.0,proactive
WS/MP761/2025-2026/153917,Arvind Dharmapuri,Telangana,Monitor,MP + District Authority,83.5,639.0,proactive
WS/MP18155/2024-2025/141721,DR. RAJ KUMAR CHABBEWAL,Punjab,Monitor,MP + District Authority,83.5,633.0,proactive
WS/MP18024/2025-2026/149798,GAURAV GOGOI,Assam,Monitor,MP + District Authority,83.4,663.0,proactive
WS/MP598/2025-2026/155304,Suresh Kumar Kashyap,Himachal Pradesh,Monitor,MP + District Authority,82.8,634.0,proactive
WS/MP18155/2024-2025/141775,DR. RAJ KUMAR CHABBEWAL,Punjab,Monitor,MP + District Authority,82.7,699.0,proactive
WS/MP598/2025-2026/151553,Suresh Kumar Kashyap,Himachal Pradesh,Monitor,MP + District Authority,82.7,652.0,proactive
WS/MP18112/2024-2025/136967,BALWANT BASWANT WANKHADE,Maharashtra,Monitor,MP + District Authority,82.7,678.0,proactive
WS/MP18252/2025-2026/151042,ADHIKARI SOUMENDU,West Bengal,Monitor,MP + District Authority,82.6,655.0,proactive
WS/MP18155/2024-2025/141714,DR. RAJ KUMAR CHABBEWAL,Punjab,Monitor,MP + District Authority,82.2,699.0,proactive
WS/MP18155/2024-2025/141706,DR. RAJ KUMAR CHABBEWAL,Punjab,Monitor,MP + District Authority,82.2,699.0,proactive
WS/MP18176/2024-2025/140272,SACHITHANANTHAM R,Tamil Nadu,Monitor,MP + District Authority,82.1,529.0,proactive
WS/MP18155/2024-2025/141566,DR. RAJ KUMAR CHABBEWAL,Punjab,Monitor,MP + District Authority,82.0,699.0,proactive
WS/MP18112/2024-2025/136984,BALWANT BASWANT WANKHADE,Maharashtra,Monitor,MP + District Authority,82.0,678.0,proactive
WS/MP598/2024-2025/147189,Suresh Kumar Kashyap,Himachal Pradesh,Monitor,MP + District Authority,82.0,610.0,proactive
,VISHWESHWAR HEGDE KAGERI,Karnataka,Monitor,MP + District Authority,81.9,592.0,proactive
,VISHWESHWAR HEGDE KAGERI,Karnataka,Monitor,MP + District Authority,81.7,592.0,proactive
,Sasikanth Senthil,Tamil Nadu,Monitor,MP + District Authority,81.4,669.0,proactive
WS/MP013/2024-2025/143927,Indra Hang Subba,Sikkim,Monitor,MP + District Authority,81.1,535.0,proactive
WS/MP18112/2024-2025/145333,BALWANT BASWANT WANKHADE,Maharashtra,Monitor,MP + District Authority,80.9,618.0,proactive
WS/MP18205/2024-2025/148367,SANATAN PANDEY,Uttar Pradesh,Monitor,MP + District Authority,80.8,521.0,proactive
WS/MP18205/2024-2025/148351,SANATAN PANDEY,Uttar Pradesh,Monitor,MP + District Authority,80.8,521.0,proactive
WS/MP18205/2024-2025/148349,SANATAN PANDEY,Uttar Pradesh,Monitor,MP + District Authority,80.8,521.0,proactive
WS/MP18205/2024-2025/148366,SANATAN PANDEY,Uttar Pradesh,Monitor,MP + District Authority,80.8,521.0,proactive
WS/MP18205/2024-2025/148346,SANATAN PANDEY,Uttar Pradesh,Monitor,MP + District Authority,80.8,521.0,proactive
WS/MP18205/2024-2025/148364,SANATAN PANDEY,Uttar Pradesh,Monitor,MP + District Authority,80.8,521.0,proactive
WS/MP18205/2024-2025/148345,SANATAN PANDEY,Uttar Pradesh,Monitor,MP + District Authority,80.8,521.0,proactive
WS/MP18205/2024-2025/148374,SANATAN PANDEY,Uttar Pradesh,Monitor,MP + District Authority,80.8,521.0,proactive
WS/MP18205/2024-2025/148372,SANATAN PANDEY,Uttar Pradesh,Monitor,MP + District Authority,80.8,521.0,proactive
WS/MP18205/2024-2025/148373,SANATAN PANDEY,Uttar Pradesh,Monitor,MP + District Authority,80.8,521.0,proactive
WS/MP18205/2024-2025/148371,SANATAN PANDEY,Uttar Pradesh,Monitor,MP + District Authority,80.8,521.0,proactive
WS/MP18205/2024-2025/148356,SANATAN PANDEY,Uttar Pradesh,Monitor,MP + District Authority,80.8,521.0,proactive
WS/MP18205/2024-2025/148354,SANATAN PANDEY,Uttar Pradesh,Monitor,MP + District Authority,80.8,521.0,proactive
WS/MP18205/2024-2025/148362,SANATAN PANDEY,Uttar Pradesh,Monitor,MP + District Authority,80.8,521.0,proactive
WS/MP18205/2024-2025/148350,SANATAN PANDEY,Uttar Pradesh,Monitor,MP + District Authority,80.8,521.0,proactive
WS/MP18205/2024-2025/148369,SANATAN PANDEY,Uttar Pradesh,Monitor,MP + District Authority,80.8,521.0,proactive
WS/MP18205/2024-2025/148361,SANATAN PANDEY,Uttar Pradesh,Monitor,MP + District Authority,80.8,521.0,proactive
WS/MP18205/2024-2025/148338,SANATAN PANDEY,Uttar Pradesh,Monitor,MP + District Authority,80.8,521.0,proactive
WS/MP18205/2024-2025/148340,SANATAN PANDEY,Uttar Pradesh,Monitor,MP + District Authority,80.8,521.0,proactive
WS/MP18205/2024-2025/148360,SANATAN PANDEY,Uttar Pradesh,Monitor,MP + District Authority,80.8,521.0,proactive
WS/MP598/2024-2025/155311,Suresh Kumar Kashyap,Himachal Pradesh,Monitor,MP + District Authority,80.8,634.0,proactive
WS/MP18205/2024-2025/148357,SANATAN PANDEY,Uttar Pradesh,Monitor,MP + District Authority,80.8,521.0,proactive
WS/MP18205/2024-2025/148358,SANATAN PANDEY,Uttar Pradesh,Monitor,MP + District Authority,80.8,521.0,proactive
WS/MP18205/2024-2025/148359,SANATAN PANDEY,Uttar Pradesh,Monitor,MP + District Authority,80.8,521.0,proactive
WS/MP18205/2024-2025/148339,SANATAN PANDEY,Uttar Pradesh,Monitor,MP + District Authority,80.8,521.0,proactive
WS/MP18205/2024-2025/148352,SANATAN PANDEY,Uttar Pradesh,Monitor,MP + District Authority,80.8,521.0,proactive
WS/MP18205/2024-2025/148353,SANATAN PANDEY,Uttar Pradesh,Monitor,MP + District Authority,80.8,521.0,proactive
WS/MP18205/2024-2025/148344,SANATAN PANDEY,Uttar Pradesh,Monitor,MP + District Authority,80.8,521.0,proactive
WS/MP18205/2024-2025/148348,SANATAN PANDEY,Uttar Pradesh,Monitor,MP + District Authority,80.8,521.0,proactive
WS/MP18205/2024-2025/148717,SANATAN PANDEY,Uttar Pradesh,Monitor,MP + District Authority,80.8,521.0,proactive
WS/MP598/2025-2026/151547,Suresh Kumar Kashyap,Himachal Pradesh,Monitor,MP + District Authority,80.8,652.0,proactive
WS/MP18205/2024-2025/148716,SANATAN PANDEY,Uttar Pradesh,Monitor,MP + District Authority,80.8,521.0,proactive
WS/MP18205/2024-2025/148715,SANATAN PANDEY,Uttar Pradesh,Monitor,MP + District Authority,80.8,521.0,proactive
WS/MP18205/2024-2025/148368,SANATAN PANDEY,Uttar Pradesh,Monitor,MP + District Authority,80.8,521.0,proactive
WS/MP18112/2024-2025/136532,BALWANT BASWANT WANKHADE,Maharashtra,Monitor,MP + District Authority,80.8,618.0,proactive
WS/MP18205/2024-2025/148718,SANATAN PANDEY,Uttar Pradesh,Monitor,MP + District Authority,80.8,521.0,proactive
WS/MP18205/2024-2025/148719,SANATAN PANDEY,Uttar Pradesh,Monitor,MP + District Authority,80.8,521.0,proactive
WS/MP18205/2024-2025/148342,SANATAN PANDEY,Uttar Pradesh,Monitor,MP + District Authority,80.8,521.0,proactive
WS/MP18205/2024-2025/148343,SANATAN PANDEY,Uttar Pradesh,Monitor,MP + District Authority,80.8,521.0,proactive
WS/MP18205/2024-2025/148714,SANATAN PANDEY,Uttar Pradesh,Monitor,MP + District Authority,80.8,521.0,proactive
WS/MP18205/2024-2025/148341,SANATAN PANDEY,Uttar Pradesh,Monitor,MP + District Authority,80.8,521.0,proactive
WS/MP18205/2024-2025/148712,SANATAN PANDEY,Uttar Pradesh,Monitor,MP + District Authority,80.8,521.0,proactive
WS/MP18205/2024-2025/148713,SANATAN PANDEY,Uttar Pradesh,Monitor,MP + District Authority,80.8,521.0,proactive
WS/MP18205/2024-2025/148370,SANATAN PANDEY,Uttar Pradesh,Monitor,MP + District Authority,80.8,521.0,proactive
WS/MP18205/2024-2025/148363,SANATAN PANDEY,Uttar Pradesh,Monitor,MP + District Authority,80.7,521.0,proactive
WS/MP598/2024-2025/146970,Suresh Kumar Kashyap,Himachal Pradesh,Monitor,MP + District Authority,80.6,556.0,proactive
WS/MP18069/2024-2025/150910,RAJEEV BHARDWAJ,Himachal Pradesh,Monitor,MP + District Authority,80.5,633.0,proactive
WS/MP18112/2024-2025/136716,BALWANT BASWANT WANKHADE,Maharashtra,Monitor,MP + District Authority,80.5,579.0,proactive
WS/MP598/2024-2025/145391,Suresh Kumar Kashyap,Himachal Pradesh,Monitor,MP + District Authority,80.5,570.0,proactive
WS/MP18069/2024-2025/150891,RAJEEV BHARDWAJ,Himachal Pradesh,Monitor,MP + District Authority,80.1,633.0,proactive
WS/MP18186/2025-2026/141740,Sasikanth Senthil,Tamil Nadu,Monitor,MP + District Authority,79.7,474.0,proactive
WS/MP598/2024-2025/145392,Suresh Kumar Kashyap,Himachal Pradesh,Monitor,MP + District Authority,79.6,594.0,proactive
WS/MP18252/2025-2026/151047,ADHIKARI SOUMENDU,West Bengal,Monitor,MP + District Authority,79.2,655.0,proactive
WS/MP18252/2025-2026/151046,ADHIKARI SOUMENDU,West Bengal,Monitor,MP + District Authority,79.1,655.0,proactive
WS/MP598/2024-2025/145388,Suresh Kumar Kashyap,Himachal Pradesh,Monitor,MP + District Authority,79.0,554.0,proactive
WS/MP598/2025-2026/155309,Suresh Kumar Kashyap,Himachal Pradesh,Monitor,MP + District Authority,78.8,634.0,proactive
WS/MP18032/2025-2026/137005,SUDHAKAR SINGH,Bihar,Monitor,MP + District Authority,78.8,353.0,proactive
WS/MP18234/2024-2025/154081,DR. S P SINGH,Uttar Pradesh,Monitor,MP + District Authority,78.8,639.0,proactive
WS/MP386/2024-2025/145064,Shri Hanuman Beniwal,Rajasthan,Monitor,MP + District Authority,78.7,622.0,proactive
WS/MP386/2024-2025/145063,Shri Hanuman Beniwal,Rajasthan,Monitor,MP + District Authority,78.7,622.0,proactive
WS/MP598/2024-2025/151552,Suresh Kumar Kashyap,Himachal Pradesh,Monitor,MP + District Authority,78.6,652.0,proactive
WS/MP598/2025-2026/145402,Suresh Kumar Kashyap,Himachal Pradesh,Monitor,MP + District Authority,78.5,333.0,proactive
WS/MP598/2025-2026/145401,Suresh Kumar Kashyap,Himachal Pradesh,Monitor,MP + District Authority,78.5,333.0,proactive
WS/MP598/2025-2026/145400,Suresh Kumar Kashyap,Himachal Pradesh,Monitor,MP + District Authority,78.5,333.0,proactive
WS/MP18094/2025-2026/151575,VISHWESHWAR HEGDE KAGERI,Karnataka,Monitor,MP + District Authority,78.5,592.0,proactive
WS/MP18043/2024-2025/140523,MANOJ KUMAR,Bihar,Monitor,MP + District Authority,78.5,614.0,proactive
WS/MP598/2024-2025/146118,Suresh Kumar Kashyap,Himachal Pradesh,Monitor,MP + District Authority,78.4,556.0,proactive
WS/MP18043/2024-2025/140417,MANOJ KUMAR,Bihar,Monitor,MP + District Authority,78.4,605.0,proactive
WS/MP18043/2024-2025/140424,MANOJ KUMAR,Bihar,Monitor,MP + District Authority,78.1,622.0,proactive
WS/MP18032/2025-2026/134031,SUDHAKAR SINGH,Bihar,Monitor,MP + District Authority,77.8,274.0,proactive
WS/MP18112/2024-2025/145331,BALWANT BASWANT WANKHADE,Maharashtra,Monitor,MP + District Authority,77.6,513.0,proactive
WS/MP18109/2025-2026/150116,DR. RAJESH MISHRA,Madhya Pradesh,Monitor,MP + District Authority,77.6,662.0,proactive
WS/MP18100/2024-2025/151650,BUNTY VIVEK SAHU,Madhya Pradesh,Monitor,MP + District Authority,77.4,651.0,proactive
WS/MP18188/2025-2026/154695,KONDA VISHWESHWAR REDDY,Telangana,Monitor,MP + District Authority,77.1,636.0,proactive
WS/MP18188/2025-2026/154699,KONDA VISHWESHWAR REDDY,Telangana,Monitor,MP + District Authority,77.1,636.0,proactive
WS/MP341/2025-2026/152196,Shri LS Tejasvi Surya,Karnataka,Monitor,MP + District Authority,76.8,649.0,proactive
WS/MP18234/2024-2025/154107,DR. S P SINGH,Uttar Pradesh,Monitor,MP + District Authority,76.7,639.0,proactive
WS/MP18112/2025-2026/144100,BALWANT BASWANT WANKHADE,Maharashtra,Monitor,MP + District Authority,76.7,465.0,proactive
WS/MP18234/2024-2025/154124,DR. S P SINGH,Uttar Pradesh,Monitor,MP + District Authority,76.7,639.0,proactive
WS/MP18234/2024-2025/154104,DR. S P SINGH,Uttar Pradesh,Monitor,MP + District Authority,76.7,639.0,proactive
WS/MP18234/2024-2025/154109,DR. S P SINGH,Uttar Pradesh,Monitor,MP + District Authority,76.6,639.0,proactive
WS/MP18234/2024-2025/154091,DR. S P SINGH,Uttar Pradesh,Monitor,MP + District Authority,76.6,639.0,proactive
WS/MP18234/2024-2025/154128,DR. S P SINGH,Uttar Pradesh,Monitor,MP + District Authority,76.6,639.0,proactive
WS/MP18234/2024-2025/154117,DR. S P SINGH,Uttar Pradesh,Monitor,MP + District Authority,76.6,639.0,proactive
WS/MP18234/2024-2025/154061,DR. S P SINGH,Uttar Pradesh,Monitor,MP + District Authority,76.6,639.0,proactive
WS/MP18234/2024-2025/154063,DR. S P SINGH,Uttar Pradesh,Monitor,MP + District Authority,76.6,639.0,proactive
WS/MP18234/2024-2025/154064,DR. S P SINGH,Uttar Pradesh,Monitor,MP + District Authority,76.6,639.0,proactive
WS/MP18234/2024-2025/154130,DR. S P SINGH,Uttar Pradesh,Monitor,MP + District Authority,76.6,639.0,proactive
WS/MP18234/2024-2025/154103,DR. S P SINGH,Uttar Pradesh,Monitor,MP + District Authority,76.6,639.0,proactive
WS/MP18234/2024-2025/154099,DR. S P SINGH,Uttar Pradesh,Monitor,MP + District Authority,76.6,639.0,proactive
WS/MP18234/2024-2025/154110,DR. S P SINGH,Uttar Pradesh,Monitor,MP + District Authority,76.6,639.0,proactive
WS/MP18234/2024-2025/154092,DR. S P SINGH,Uttar Pradesh,Monitor,MP + District Authority,76.6,639.0,proactive
WS/MP18234/2024-2025/154113,DR. S P SINGH,Uttar Pradesh,Monitor,MP + District Authority,76.6,639.0,proactive
WS/MP18234/2024-2025/154066,DR. S P SINGH,Uttar Pradesh,Monitor,MP + District Authority,76.6,639.0,proactive
WS/MP18234/2024-2025/154114,DR. S P SINGH,Uttar Pradesh,Monitor,MP + District Authority,76.5,639.0,proactive
WS/MP18234/2024-2025/154127,DR. S P SINGH,Uttar Pradesh,Monitor,MP + District Authority,76.5,639.0,proactive
WS/MP18234/2024-2025/154062,DR. S P SINGH,Uttar Pradesh,Monitor,MP + District Authority,76.5,639.0,proactive
WS/MP18234/2024-2025/154096,DR. S P SINGH,Uttar Pradesh,Monitor,MP + District Authority,76.5,639.0,proactive
WS/MP18188/2025-2026/155204,KONDA VISHWESHWAR REDDY,Telangana,Monitor,MP + District Authority,76.4,635.0,proactive
WS/MP18234/2024-2025/154116,DR. S P SINGH,Uttar Pradesh,Monitor,MP + District Authority,76.4,639.0,proactive
WS/MP18234/2024-2025/154119,DR. S P SINGH,Uttar Pradesh,Monitor,MP + District Authority,76.4,639.0,proactive
WS/MP18234/2024-2025/154129,DR. S P SINGH,Uttar Pradesh,Monitor,MP + District Authority,76.4,639.0,proactive
WS/MP18188/2025-2026/154694,KONDA VISHWESHWAR REDDY,Telangana,Monitor,MP + District Authority,76.4,636.0,proactive
WS/MP18188/2025-2026/149968,KONDA VISHWESHWAR REDDY,Telangana,Monitor,MP + District Authority,76.4,663.0,proactive
WS/MP18234/2024-2025/154086,DR. S P SINGH,Uttar Pradesh,Monitor,MP + District Authority,76.4,639.0,proactive
WS/MP18188/2025-2026/149967,KONDA VISHWESHWAR REDDY,Telangana,Monitor,MP + District Authority,76.4,663.0,proactive
WS/MP18234/2024-2025/154082,DR. S P SINGH,Uttar Pradesh,Monitor,MP + District Authority,76.4,639.0,proactive
WS/MP18234/2024-2025/154068,DR. S P SINGH,Uttar Pradesh,Monitor,MP + District Authority,76.4,639.0,proactive
WS/MP18234/2024-2025/154106,DR. S P SINGH,Uttar Pradesh,Monitor,MP + District Authority,76.4,639.0,proactive
WS/MP18234/2024-2025/154095,DR. S P SINGH,Uttar Pradesh,Monitor,MP + District Authority,76.4,639.0,proactive
WS/MP18186/2025-2026/141737,Sasikanth Senthil,Tamil Nadu,Monitor,MP + District Authority,75.8,482.0,proactive
WS/MP18144/2024-2025/148128,MALVIKA DEVI,Odisha,Monitor,MP + District Authority,75.8,622.0,proactive
WS/MP386/2024-2025/145034,Shri Hanuman Beniwal,Rajasthan,Monitor,MP + District Authority,75.6,627.0,proactive
WS/MP18024/2025-2026/148522,GAURAV GOGOI,Assam,Monitor,MP + District Authority,75.6,446.0,proactive
WS/MP18024/2025-2026/148307,GAURAV GOGOI,Assam,Monitor,MP + District Authority,75.5,374.0,proactive
WS/MP18024/2025-2026/148305,GAURAV GOGOI,Assam,Monitor,MP + District Authority,75.5,464.0,proactive
WS/MP18024/2025-2026/148527,GAURAV GOGOI,Assam,Monitor,MP + District Authority,75.5,446.0,proactive
WS/MP18024/2025-2026/148298,GAURAV GOGOI,Assam,Monitor,MP + District Authority,75.5,464.0,proactive
WS/MP18024/2025-2026/148299,GAURAV GOGOI,Assam,Monitor,MP + District Authority,75.5,464.0,proactive
WS/MP18024/2025-2026/148302,GAURAV GOGOI,Assam,Monitor,MP + District Authority,75.5,464.0,proactive
WS/MP18024/2025-2026/148295,GAURAV GOGOI,Assam,Monitor,MP + District Authority,75.5,464.0,proactive
WS/MP18024/2025-2026/148303,GAURAV GOGOI,Assam,Monitor,MP + District Authority,75.5,464.0,proactive
WS/MP18024/2025-2026/148521,GAURAV GOGOI,Assam,Monitor,MP + District Authority,75.5,446.0,proactive
WS/MP18024/2025-2026/148523,GAURAV GOGOI,Assam,Monitor,MP + District Authority,75.5,446.0,proactive
WS/MP18172/2025-2026/144452,MANNA LAL RAWAT,Rajasthan,Monitor,MP + District Authority,75.3,401.0,proactive
WS/MP18043/2024-2025/140457,MANOJ KUMAR,Bihar,Monitor,MP + District Authority,75.2,540.0,proactive
WS/MP18199/2024-2025/145093,LALJI VERMA,Uttar Pradesh,Monitor,MP + District Authority,75.0,556.0,proactive
WS/MP18112/2024-2025/136991,BALWANT BASWANT WANKHADE,Maharashtra,Monitor,MP + District Authority,74.9,530.0,proactive
WS/MP18188/2025-2026/149992,KONDA VISHWESHWAR REDDY,Telangana,Monitor,MP + District Authority,74.8,663.0,proactive
WS/MP416/2025-2026/148841,Ashok Kumar Yadav,Bihar,Monitor,MP + District Authority,74.6,241.0,proactive
WS/MP416/2025-2026/148842,Ashok Kumar Yadav,Bihar,Monitor,MP + District Authority,74.6,241.0,proactive
WS/MP386/2024-2025/142497,Shri Hanuman Beniwal,Rajasthan,Monitor,MP + District Authority,74.1,622.0,proactive
WS/MP18024/2025-2026/148304,GAURAV GOGOI,Assam,Monitor,MP + District Authority,74.1,464.0,proactive
WS/MP18024/2025-2026/148300,GAURAV GOGOI,Assam,Monitor,MP + District Authority,74.1,374.0,proactive
WS/MP18024/2025-2026/148525,GAURAV GOGOI,Assam,Monitor,MP + District Authority,74.1,446.0,proactive
WS/MP18024/2025-2026/148519,GAURAV GOGOI,Assam,Monitor,MP + District Authority,74.1,446.0,proactive
WS/MP386/2024-2025/142495,Shri Hanuman Beniwal,Rajasthan,Monitor,MP + District Authority,74.1,622.0,proactive
WS/MP386/2024-2025/142496,Shri Hanuman Beniwal,Rajasthan,Monitor,MP + District Authority,74.1,622.0,proactive
WS/MP18377/2024-2025/153061,CHHATRA PAL SINGH GANGWAR,Uttar Pradesh,Monitor,MP + District Authority,74.0,643.0,proactive
WS/MP386/2024-2025/142483,Shri Hanuman Beniwal,Rajasthan,Monitor,MP + District Authority,73.9,619.0,proactive
WS/MP386/2024-2025/142484,Shri Hanuman Beniwal,Rajasthan,Monitor,MP + District Authority,73.9,619.0,proactive
WS/MP341/2025-2026/136723,Shri LS Tejasvi Surya,Karnataka,Monitor,MP + District Authority,73.5,495.0,proactive
WS/MP799/2024-2025/154613,Pankaj Chowdhary,Uttar Pradesh,Monitor,MP + District Authority,73.5,635.0,proactive
WS/MP341/2025-2026/152627,Shri LS Tejasvi Surya,Karnataka,Monitor,MP + District Authority,72.8,646.0,proactive
WS/MP18162/2024-2025/147233,DAMODAR AGARWAL,Rajasthan,Monitor,MP + District Authority,72.7,579.0,proactive
WS/MP18241/2025-2026/145630,RAKESH RATHOR,Uttar Pradesh,Monitor,MP + District Authority,72.3,486.0,proactive
WS/MP18277/2025-2026/150713,AZAD KIRTI JHA,West Bengal,Monitor,MP + District Authority,72.1,657.0,proactive
WS/MP386/2024-2025/142543,Shri Hanuman Beniwal,Rajasthan,Monitor,MP + District Authority,71.7,619.0,proactive
WS/MP386/2024-2025/142467,Shri Hanuman Beniwal,Rajasthan,Monitor,MP + District Authority,71.4,619.0,proactive
WS/MP386/2024-2025/142498,Shri Hanuman Beniwal,Rajasthan,Monitor,MP + District Authority,71.3,622.0,proactive
WS/MP18199/2024-2025/140420,LALJI VERMA,Uttar Pradesh,Monitor,MP + District Authority,71.2,604.0,proactive
WS/MP334/2024-2025/136627,Shri Chandra Prakash Choudhary,Jharkhand,Monitor,MP + District Authority,71.2,559.0,proactive
WS/MP334/2024-2025/136641,Shri Chandra Prakash Choudhary,Jharkhand,Monitor,MP + District Authority,71.2,559.0,proactive
WS/MP334/2024-2025/136630,Shri Chandra Prakash Choudhary,Jharkhand,Monitor,MP + District Authority,71.2,559.0,proactive
WS/MP334/2024-2025/136629,Shri Chandra Prakash Choudhary,Jharkhand,Monitor,MP + District Authority,71.2,559.0,proactive
WS/MP334/2024-2025/136639,Shri Chandra Prakash Choudhary,Jharkhand,Monitor,MP + District Authority,71.2,559.0,proactive
WS/MP386/2024-2025/142499,Shri Hanuman Beniwal,Rajasthan,Monitor,MP + District Authority,71.0,622.0,proactive
WS/MP598/2024-2025/146969,Suresh Kumar Kashyap,Himachal Pradesh,Monitor,MP + District Authority,70.7,537.0,proactive
,Shri LS Tejasvi Surya,Karnataka,Monitor,MP + District Authority,70.6,646.0,proactive
WS/MP18199/2024-2025/136958,LALJI VERMA,Uttar Pradesh,Monitor,MP + District Authority,70.5,694.0,proactive
WS/MP334/2024-2025/144896,Shri Chandra Prakash Choudhary,Jharkhand,Monitor,MP + District Authority,70.5,559.0,proactive
WS/MP334/2024-2025/144883,Shri Chandra Prakash Choudhary,Jharkhand,Monitor,MP + District Authority,70.4,540.0,proactive
WS/MP334/2024-2025/136632,Shri Chandra Prakash Choudhary,Jharkhand,Monitor,MP + District Authority,70.3,559.0,proactive
WS/MP334/2024-2025/136616,Shri Chandra Prakash Choudhary,Jharkhand,Monitor,MP + District Authority,70.3,559.0,proactive
WS/MP334/2024-2025/136622,Shri Chandra Prakash Choudhary,Jharkhand,Monitor,MP + District Authority,70.3,559.0,proactive
WS/MP334/2024-2025/136625,Shri Chandra Prakash Choudhary,Jharkhand,Monitor,MP + District Authority,70.3,559.0,proactive
WS/MP334/2024-2025/136620,Shri Chandra Prakash Choudhary,Jharkhand,Monitor,MP + District Authority,70.3,559.0,proactive
WS/MP334/2024-2025/136640,Shri Chandra Prakash Choudhary,Jharkhand,Monitor,MP + District Authority,70.3,559.0,proactive
WS/MP334/2024-2025/136618,Shri Chandra Prakash Choudhary,Jharkhand,Monitor,MP + District Authority,70.3,559.0,proactive
WS/MP334/2024-2025/144881,Shri Chandra Prakash Choudhary,Jharkhand,Monitor,MP + District Authority,70.3,559.0,proactive
WS/MP334/2024-2025/136626,Shri Chandra Prakash Choudhary,Jharkhand,Monitor,MP + District Authority,70.3,559.0,proactive
WS/MP334/2024-2025/144880,Shri Chandra Prakash Choudhary,Jharkhand,Monitor,MP + District Authority,70.3,559.0,proactive
WS/MP334/2024-2025/136631,Shri Chandra Prakash Choudhary,Jharkhand,Monitor,MP + District Authority,70.3,559.0,proactive
WS/MP334/2024-2025/144894,Shri Chandra Prakash Choudhary,Jharkhand,Monitor,MP + District Authority,70.3,559.0,proactive
WS/MP334/2024-2025/136615,Shri Chandra Prakash Choudhary,Jharkhand,Monitor,MP + District Authority,70.3,559.0,proactive
WS/MP334/2024-2025/136642,Shri Chandra Prakash Choudhary,Jharkhand,Monitor,MP + District Authority,70.3,559.0,proactive
WS/MP334/2024-2025/136633,Shri Chandra Prakash Choudhary,Jharkhand,Monitor,MP + District Authority,70.3,559.0,proactive
WS/MP334/2024-2025/136628,Shri Chandra Prakash Choudhary,Jharkhand,Monitor,MP + District Authority,70.3,559.0,proactive
WS/MP334/2024-2025/144879,Shri Chandra Prakash Choudhary,Jharkhand,Monitor,MP + District Authority,70.3,559.0,proactive
WS/MP334/2024-2025/144892,Shri Chandra Prakash Choudhary,Jharkhand,Monitor,MP + District Authority,70.3,592.0,proactive
WS/MP334/2024-2025/144889,Shri Chandra Prakash Choudhary,Jharkhand,Monitor,MP + District Authority,70.3,559.0,proactive
WS/MP334/2024-2025/144878,Shri Chandra Prakash Choudhary,Jharkhand,Monitor,MP + District Authority,70.3,559.0,proactive
WS/MP334/2024-2025/144898,Shri Chandra Prakash Choudhary,Jharkhand,Monitor,MP + District Authority,70.3,559.0,proactive
WS/MP334/2024-2025/144874,Shri Chandra Prakash Choudhary,Jharkhand,Monitor,MP + District Authority,70.3,559.0,proactive
WS/MP334/2024-2025/144884,Shri Chandra Prakash Choudhary,Jharkhand,Monitor,MP + District Authority,70.3,559.0,proactive
WS/MP334/2024-2025/144886,Shri Chandra Prakash Choudhary,Jharkhand,Monitor,MP + District Authority,70.3,592.0,proactive
WS/MP334/2024-2025/144893,Shri Chandra Prakash Choudhary,Jharkhand,Monitor,MP + District Authority,70.3,559.0,proactive
WS/MP334/2024-2025/144899,Shri Chandra Prakash Choudhary,Jharkhand,Monitor,MP + District Authority,70.3,559.0,proactive
WS/MP334/2024-2025/136619,Shri Chandra Prakash Choudhary,Jharkhand,Monitor,MP + District Authority,70.3,559.0,proactive
WS/MP18238/2025-2026/153078,RAMASHANKAR RAJBHAR,Uttar Pradesh,Monitor,MP + District Authority,70.2,643.0,proactive
WS/MP18238/2025-2026/153079,RAMASHANKAR RAJBHAR,Uttar Pradesh,Monitor,MP + District Authority,70.2,643.0,proactive
WS/MP334/2024-2025/136601,Shri Chandra Prakash Choudhary,Jharkhand,Monitor,MP + District Authority,70.0,592.0,proactive
WS/MP334/2024-2025/136558,Shri Chandra Prakash Choudhary,Jharkhand,Monitor,MP + District Authority,70.0,592.0,proactive
WS/MP334/2024-2025/144887,Shri Chandra Prakash Choudhary,Jharkhand,Monitor,MP + District Authority,70.0,613.0,proactive
WS/MP334/2024-2025/136602,Shri Chandra Prakash Choudhary,Jharkhand,Monitor,MP + District Authority,70.0,592.0,proactive
WS/MP334/2024-2025/136581,Shri Chandra Prakash Choudhary,Jharkhand,Monitor,MP + District Authority,70.0,592.0,proactive
WS/MP334/2024-2025/136590,Shri Chandra Prakash Choudhary,Jharkhand,Monitor,MP + District Authority,70.0,592.0,proactive
WS/MP334/2024-2025/136570,Shri Chandra Prakash Choudhary,Jharkhand,Monitor,MP + District Authority,70.0,592.0,proactive
WS/MP334/2024-2025/136574,Shri Chandra Prakash Choudhary,Jharkhand,Monitor,MP + District Authority,70.0,592.0,proactive
WS/MP334/2024-2025/136585,Shri Chandra Prakash Choudhary,Jharkhand,Monitor,MP + District Authority,70.0,592.0,proactive
WS/MP334/2024-2025/136617,Shri Chandra Prakash Choudhary,Jharkhand,Monitor,MP + District Authority,70.0,592.0,proactive
WS/MP334/2024-2025/136586,Shri Chandra Prakash Choudhary,Jharkhand,Monitor,MP + District Authority,70.0,592.0,proactive
WS/MP334/2024-2025/136614,Shri Chandra Prakash Choudhary,Jharkhand,Monitor,MP + District Authority,70.0,592.0,proactive
WS/MP334/2024-2025/136573,Shri Chandra Prakash Choudhary,Jharkhand,Monitor,MP + District Authority,70.0,592.0,proactive
WS/MP334/2024-2025/136568,Shri Chandra Prakash Choudhary,Jharkhand,Monitor,MP + District Authority,70.0,592.0,proactive
WS/MP334/2024-2025/136571,Shri Chandra Prakash Choudhary,Jharkhand,Monitor,MP + District Authority,70.0,592.0,proactive
WS/MP405/2024-2025/140141,Balashowry Vallabbhaneni,Andhra Pradesh,Monitor,MP + District Authority,70.0,580.0,proactive
WS/MP334/2024-2025/136569,Shri Chandra Prakash Choudhary,Jharkhand,Monitor,MP + District Authority,70.0,592.0,proactive
